modo,n,deslocamento_max,seed,viola_triangular,guloso,otimo,perda,perda_percentual
matricial,10,5,0,False,3,3,0,0.00
matricial,10,5,1,True,4,4,0,0.00
matricial,10,5,2,False,3,3,0,0.00
matricial,10,5,3,False,4,4,0,0.00
matricial,10,5,4,True,3,3,0,0.00
matricial,10,5,5,True,3,3,0,0.00
matricial,10,5,6,True,4,4,0,0.00
matricial,10,5,7,True,3,3,0,0.00
matricial,10,5,8,True,3,3,0,0.00
matricial,10,5,9,True,4,4,0,0.00
matricial,10,5,10,True,4,4,0,0.00
matricial,10,5,11,True,4,4,0,0.00
matricial,10,5,12,True,3,3,0,0.00
matricial,10,5,13,False,2,2,0,0.00
matricial,10,5,14,True,3,3,0,0.00
matricial,10,5,15,True,3,3,0,0.00
matricial,10,5,16,True,3,3,0,0.00
matricial,10,5,17,True,4,4,0,0.00
matricial,10,5,18,True,2,2,0,0.00
matricial,10,5,19,True,3,3,0,0.00
matricial,10,5,20,True,4,4,0,0.00
matricial,10,5,21,True,4,4,0,0.00
matricial,10,5,22,False,3,3,0,0.00
matricial,10,5,23,True,3,3,0,0.00
matricial,10,5,24,False,3,3,0,0.00
matricial,10,5,25,True,3,3,0,0.00
matricial,10,5,26,True,3,3,0,0.00
matricial,10,5,27,True,3,3,0,0.00
matricial,10,5,28,False,3,3,0,0.00
matricial,10,5,29,False,2,2,0,0.00
matricial,10,5,30,False,3,3,0,0.00
matricial,10,5,31,True,5,5,0,0.00
matricial,10,5,32,False,3,3,0,0.00
matricial,10,5,33,True,3,3,0,0.00
matricial,10,5,34,False,4,4,0,0.00
matricial,10,5,35,True,3,3,0,0.00
matricial,10,5,36,False,2,2,0,0.00
matricial,10,5,37,True,4,4,0,0.00
matricial,10,5,38,False,4,4,0,0.00
matricial,10,5,39,False,3,3,0,0.00
matricial,10,5,40,False,4,4,0,0.00
matricial,10,5,41,False,3,3,0,0.00
matricial,10,5,42,True,4,4,0,0.00
matricial,10,5,43,True,3,3,0,0.00
matricial,10,5,44,True,4,4,0,0.00
matricial,10,5,45,False,3,3,0,0.00
matricial,10,5,46,True,4,4,0,0.00
matricial,10,5,47,True,3,3,0,0.00
matricial,10,5,48,False,3,3,0,0.00
matricial,10,5,49,False,5,5,0,0.00
matricial,10,15,0,True,3,3,0,0.00
matricial,10,15,1,True,4,4,0,0.00
matricial,10,15,2,False,3,3,0,0.00
matricial,10,15,3,False,4,4,0,0.00
matricial,10,15,4,True,3,3,0,0.00
matricial,10,15,5,True,3,3,0,0.00
matricial,10,15,6,False,4,4,0,0.00
matricial,10,15,7,True,3,3,0,0.00
matricial,10,15,8,True,3,3,0,0.00
matricial,10,15,9,True,4,4,0,0.00
matricial,10,15,10,True,4,4,0,0.00
matricial,10,15,11,False,4,4,0,0.00
matricial,10,15,12,True,3,3,0,0.00
matricial,10,15,13,False,2,2,0,0.00
matricial,10,15,14,True,3,3,0,0.00
matricial,10,15,15,True,3,3,0,0.00
matricial,10,15,16,True,3,3,0,0.00
matricial,10,15,17,True,4,4,0,0.00
matricial,10,15,18,False,2,2,0,0.00
matricial,10,15,19,False,3,3,0,0.00
matricial,10,15,20,True,4,4,0,0.00
matricial,10,15,21,True,4,4,0,0.00
matricial,10,15,22,True,3,3,0,0.00
matricial,10,15,23,True,3,3,0,0.00
matricial,10,15,24,True,3,3,0,0.00
matricial,10,15,25,True,3,3,0,0.00
matricial,10,15,26,True,2,2,0,0.00
matricial,10,15,27,True,3,3,0,0.00
matricial,10,15,28,True,3,3,0,0.00
matricial,10,15,29,True,2,2,0,0.00
matricial,10,15,30,True,3,3,0,0.00
matricial,10,15,31,True,4,4,0,0.00
matricial,10,15,32,False,3,3,0,0.00
matricial,10,15,33,True,3,3,0,0.00
matricial,10,15,34,False,4,4,0,0.00
matricial,10,15,35,True,2,2,0,0.00
matricial,10,15,36,True,2,2,0,0.00
matricial,10,15,37,False,4,4,0,0.00
matricial,10,15,38,True,3,4,1,25.00
matricial,10,15,39,False,3,3,0,0.00
matricial,10,15,40,True,4,4,0,0.00
matricial,10,15,41,True,3,3,0,0.00
matricial,10,15,42,True,4,4,0,0.00
matricial,10,15,43,True,3,3,0,0.00
matricial,10,15,44,True,4,4,0,0.00
matricial,10,15,45,False,3,3,0,0.00
matricial,10,15,46,True,4,4,0,0.00
matricial,10,15,47,False,3,3,0,0.00
matricial,10,15,48,True,3,3,0,0.00
matricial,10,15,49,False,5,5,0,0.00
matricial,10,30,0,True,3,3,0,0.00
matricial,10,30,1,True,4,4,0,0.00
matricial,10,30,2,False,3,3,0,0.00
matricial,10,30,3,False,3,3,0,0.00
matricial,10,30,4,True,3,3,0,0.00
matricial,10,30,5,True,3,3,0,0.00
matricial,10,30,6,False,3,3,0,0.00
matricial,10,30,7,True,3,3,0,0.00
matricial,10,30,8,True,3,3,0,0.00
matricial,10,30,9,True,4,4,0,0.00
matricial,10,30,10,True,4,4,0,0.00
matricial,10,30,11,False,4,4,0,0.00
matricial,10,30,12,True,3,3,0,0.00
matricial,10,30,13,False,2,2,0,0.00
matricial,10,30,14,True,3,3,0,0.00
matricial,10,30,15,True,2,2,0,0.00
matricial,10,30,16,True,3,3,0,0.00
matricial,10,30,17,True,4,4,0,0.00
matricial,10,30,18,False,2,2,0,0.00
matricial,10,30,19,False,3,3,0,0.00
matricial,10,30,20,True,4,4,0,0.00
matricial,10,30,21,True,4,4,0,0.00
matricial,10,30,22,True,3,3,0,0.00
matricial,10,30,23,True,3,3,0,0.00
matricial,10,30,24,True,3,3,0,0.00
matricial,10,30,25,True,3,3,0,0.00
matricial,10,30,26,True,2,2,0,0.00
matricial,10,30,27,True,3,3,0,0.00
matricial,10,30,28,True,3,3,0,0.00
matricial,10,30,29,True,2,2,0,0.00
matricial,10,30,30,True,3,3,0,0.00
matricial,10,30,31,True,4,4,0,0.00
matricial,10,30,32,False,3,3,0,0.00
matricial,10,30,33,True,3,3,0,0.00
matricial,10,30,34,False,3,3,0,0.00
matricial,10,30,35,True,2,2,0,0.00
matricial,10,30,36,True,2,2,0,0.00
matricial,10,30,37,False,3,3,0,0.00
matricial,10,30,38,True,3,3,0,0.00
matricial,10,30,39,True,3,3,0,0.00
matricial,10,30,40,True,3,3,0,0.00
matricial,10,30,41,True,3,3,0,0.00
matricial,10,30,42,True,4,4,0,0.00
matricial,10,30,43,True,3,3,0,0.00
matricial,10,30,44,True,4,4,0,0.00
matricial,10,30,45,False,3,3,0,0.00
matricial,10,30,46,True,4,4,0,0.00
matricial,10,30,47,False,3,3,0,0.00
matricial,10,30,48,True,3,3,0,0.00
matricial,10,30,49,False,4,4,0,0.00
matricial,10,60,0,True,3,3,0,0.00
matricial,10,60,1,True,3,3,0,0.00
matricial,10,60,2,False,3,3,0,0.00
matricial,10,60,3,False,3,3,0,0.00
matricial,10,60,4,True,2,3,1,33.33
matricial,10,60,5,True,3,3,0,0.00
matricial,10,60,6,False,2,3,1,33.33
matricial,10,60,7,True,3,3,0,0.00
matricial,10,60,8,True,2,2,0,0.00
matricial,10,60,9,True,4,4,0,0.00
matricial,10,60,10,True,3,3,0,0.00
matricial,10,60,11,False,3,3,0,0.00
matricial,10,60,12,True,3,3,0,0.00
matricial,10,60,13,False,2,2,0,0.00
matricial,10,60,14,True,2,2,0,0.00
matricial,10,60,15,True,2,2,0,0.00
matricial,10,60,16,True,2,2,0,0.00
matricial,10,60,17,True,4,4,0,0.00
matricial,10,60,18,False,2,2,0,0.00
matricial,10,60,19,False,3,3,0,0.00
matricial,10,60,20,True,4,4,0,0.00
matricial,10,60,21,True,3,3,0,0.00
matricial,10,60,22,True,3,3,0,0.00
matricial,10,60,23,True,3,3,0,0.00
matricial,10,60,24,True,3,3,0,0.00
matricial,10,60,25,True,2,2,0,0.00
matricial,10,60,26,True,2,2,0,0.00
matricial,10,60,27,True,3,3,0,0.00
matricial,10,60,28,True,3,3,0,0.00
matricial,10,60,29,True,2,2,0,0.00
matricial,10,60,30,True,3,3,0,0.00
matricial,10,60,31,True,4,4,0,0.00
matricial,10,60,32,True,3,3,0,0.00
matricial,10,60,33,True,2,2,0,0.00
matricial,10,60,34,False,3,3,0,0.00
matricial,10,60,35,True,2,2,0,0.00
matricial,10,60,36,True,2,2,0,0.00
matricial,10,60,37,False,3,3,0,0.00
matricial,10,60,38,True,3,3,0,0.00
matricial,10,60,39,True,3,3,0,0.00
matricial,10,60,40,True,3,3,0,0.00
matricial,10,60,41,True,3,3,0,0.00
matricial,10,60,42,True,4,4,0,0.00
matricial,10,60,43,True,2,2,0,0.00
matricial,10,60,44,True,3,3,0,0.00
matricial,10,60,45,False,3,3,0,0.00
matricial,10,60,46,True,4,4,0,0.00
matricial,10,60,47,True,3,3,0,0.00
matricial,10,60,48,True,3,3,0,0.00
matricial,10,60,49,True,4,4,0,0.00
matricial,20,5,0,True,6,6,0,0.00
matricial,20,5,1,True,7,7,0,0.00
matricial,20,5,2,True,5,5,0,0.00
matricial,20,5,3,True,6,6,0,0.00
matricial,20,5,4,False,6,6,0,0.00
matricial,20,5,5,True,6,6,0,0.00
matricial,20,5,6,True,7,7,0,0.00
matricial,20,5,7,False,9,9,0,0.00
matricial,20,5,8,False,5,5,0,0.00
matricial,20,5,9,True,7,7,0,0.00
matricial,20,5,10,False,7,7,0,0.00
matricial,20,5,11,True,6,6,0,0.00
matricial,20,5,12,True,7,7,0,0.00
matricial,20,5,13,False,5,5,0,0.00
matricial,20,5,14,False,5,5,0,0.00
matricial,20,5,15,False,6,6,0,0.00
matricial,20,5,16,False,5,5,0,0.00
matricial,20,5,17,True,7,7,0,0.00
matricial,20,5,18,True,5,5,0,0.00
matricial,20,5,19,False,6,6,0,0.00
matricial,20,5,20,True,7,7,0,0.00
matricial,20,5,21,False,7,7,0,0.00
matricial,20,5,22,True,7,7,0,0.00
matricial,20,5,23,True,6,6,0,0.00
matricial,20,5,24,False,5,5,0,0.00
matricial,20,5,25,True,5,5,0,0.00
matricial,20,5,26,False,6,6,0,0.00
matricial,20,5,27,True,6,6,0,0.00
matricial,20,5,28,False,7,7,0,0.00
matricial,20,5,29,True,6,6,0,0.00
matricial,20,5,30,False,6,6,0,0.00
matricial,20,5,31,True,6,6,0,0.00
matricial,20,5,32,False,6,6,0,0.00
matricial,20,5,33,True,5,5,0,0.00
matricial,20,5,34,False,6,6,0,0.00
matricial,20,5,35,True,7,7,0,0.00
matricial,20,5,36,True,4,4,0,0.00
matricial,20,5,37,True,6,6,0,0.00
matricial,20,5,38,False,5,5,0,0.00
matricial,20,5,39,True,6,6,0,0.00
matricial,20,5,40,True,7,7,0,0.00
matricial,20,5,41,True,6,6,0,0.00
matricial,20,5,42,True,6,6,0,0.00
matricial,20,5,43,True,7,7,0,0.00
matricial,20,5,44,True,7,7,0,0.00
matricial,20,5,45,True,7,7,0,0.00
matricial,20,5,46,True,6,6,0,0.00
matricial,20,5,47,True,5,5,0,0.00
matricial,20,5,48,True,6,6,0,0.00
matricial,20,5,49,False,7,7,0,0.00
matricial,20,15,0,True,5,5,0,0.00
matricial,20,15,1,True,7,7,0,0.00
matricial,20,15,2,True,5,5,0,0.00
matricial,20,15,3,True,6,6,0,0.00
matricial,20,15,4,True,6,6,0,0.00
matricial,20,15,5,True,6,6,0,0.00
matricial,20,15,6,True,6,6,0,0.00
matricial,20,15,7,False,9,9,0,0.00
matricial,20,15,8,True,5,5,0,0.00
matricial,20,15,9,False,7,7,0,0.00
matricial,20,15,10,True,5,5,0,0.00
matricial,20,15,11,True,6,6,0,0.00
matricial,20,15,12,True,7,7,0,0.00
matricial,20,15,13,False,4,5,1,20.00
matricial,20,15,14,True,5,5,0,0.00
matricial,20,15,15,False,6,6,0,0.00
matricial,20,15,16,False,5,5,0,0.00
matricial,20,15,17,True,7,7,0,0.00
matricial,20,15,18,True,5,5,0,0.00
matricial,20,15,19,True,6,6,0,0.00
matricial,20,15,20,True,6,6,0,0.00
matricial,20,15,21,True,7,7,0,0.00
matricial,20,15,22,True,7,7,0,0.00
matricial,20,15,23,True,5,5,0,0.00
matricial,20,15,24,True,5,5,0,0.00
matricial,20,15,25,True,5,5,0,0.00
matricial,20,15,26,False,6,6,0,0.00
matricial,20,15,27,True,6,6,0,0.00
matricial,20,15,28,True,7,7,0,0.00
matricial,20,15,29,True,6,6,0,0.00
matricial,20,15,30,True,6,6,0,0.00
matricial,20,15,31,True,6,6,0,0.00
matricial,20,15,32,True,6,6,0,0.00
matricial,20,15,33,True,4,4,0,0.00
matricial,20,15,34,False,6,6,0,0.00
matricial,20,15,35,True,6,6,0,0.00
matricial,20,15,36,True,4,4,0,0.00
matricial,20,15,37,True,5,5,0,0.00
matricial,20,15,38,True,5,5,0,0.00
matricial,20,15,39,True,6,6,0,0.00
matricial,20,15,40,True,6,6,0,0.00
matricial,20,15,41,True,6,6,0,0.00
matricial,20,15,42,False,6,6,0,0.00
matricial,20,15,43,True,7,7,0,0.00
matricial,20,15,44,False,7,7,0,0.00
matricial,20,15,45,True,7,7,0,0.00
matricial,20,15,46,True,6,6,0,0.00
matricial,20,15,47,True,5,5,0,0.00
matricial,20,15,48,True,6,6,0,0.00
matricial,20,15,49,True,6,6,0,0.00
matricial,20,30,0,True,5,5,0,0.00
matricial,20,30,1,True,7,7,0,0.00
matricial,20,30,2,True,5,5,0,0.00
matricial,20,30,3,True,6,6,0,0.00
matricial,20,30,4,True,5,6,1,16.67
matricial,20,30,5,True,6,6,0,0.00
matricial,20,30,6,True,6,6,0,0.00
matricial,20,30,7,False,8,8,0,0.00
matricial,20,30,8,True,5,5,0,0.00
matricial,20,30,9,False,6,6,0,0.00
matricial,20,30,10,True,5,5,0,0.00
matricial,20,30,11,True,5,5,0,0.00
matricial,20,30,12,True,5,5,0,0.00
matricial,20,30,13,False,4,5,1,20.00
matricial,20,30,14,True,5,5,0,0.00
matricial,20,30,15,True,5,5,0,0.00
matricial,20,30,16,False,4,5,1,20.00
matricial,20,30,17,True,7,7,0,0.00
matricial,20,30,18,True,5,5,0,0.00
matricial,20,30,19,True,6,6,0,0.00
matricial,20,30,20,True,6,6,0,0.00
matricial,20,30,21,True,6,6,0,0.00
matricial,20,30,22,True,6,6,0,0.00
matricial,20,30,23,True,5,5,0,0.00
matricial,20,30,24,True,5,5,0,0.00
matricial,20,30,25,True,5,5,0,0.00
matricial,20,30,26,False,6,6,0,0.00
matricial,20,30,27,True,5,6,1,16.67
matricial,20,30,28,True,6,6,0,0.00
matricial,20,30,29,True,5,6,1,16.67
matricial,20,30,30,True,5,5,0,0.00
matricial,20,30,31,True,6,6,0,0.00
matricial,20,30,32,True,6,6,0,0.00
matricial,20,30,33,True,4,4,0,0.00
matricial,20,30,34,False,5,5,0,0.00
matricial,20,30,35,True,5,6,1,16.67
matricial,20,30,36,True,4,4,0,0.00
matricial,20,30,37,True,5,5,0,0.00
matricial,20,30,38,True,5,5,0,0.00
matricial,20,30,39,True,5,6,1,16.67
matricial,20,30,40,True,6,6,0,0.00
matricial,20,30,41,True,6,6,0,0.00
matricial,20,30,42,False,6,6,0,0.00
matricial,20,30,43,True,7,7,0,0.00
matricial,20,30,44,True,7,7,0,0.00
matricial,20,30,45,True,5,5,0,0.00
matricial,20,30,46,True,6,6,0,0.00
matricial,20,30,47,True,5,5,0,0.00
matricial,20,30,48,True,5,5,0,0.00
matricial,20,30,49,True,6,6,0,0.00
matricial,20,60,0,True,5,5,0,0.00
matricial,20,60,1,True,4,5,1,20.00
matricial,20,60,2,True,5,5,0,0.00
matricial,20,60,3,True,6,6,0,0.00
matricial,20,60,4,True,5,6,1,16.67
matricial,20,60,5,True,6,6,0,0.00
matricial,20,60,6,True,5,5,0,0.00
matricial,20,60,7,False,6,7,1,14.29
matricial,20,60,8,True,5,5,0,0.00
matricial,20,60,9,False,6,6,0,0.00
matricial,20,60,10,True,5,5,0,0.00
matricial,20,60,11,True,5,5,0,0.00
matricial,20,60,12,True,5,5,0,0.00
matricial,20,60,13,False,3,5,2,40.00
matricial,20,60,14,True,4,4,0,0.00
matricial,20,60,15,True,4,4,0,0.00
matricial,20,60,16,False,4,4,0,0.00
matricial,20,60,17,True,5,6,1,16.67
matricial,20,60,18,True,4,4,0,0.00
matricial,20,60,19,True,6,6,0,0.00
matricial,20,60,20,True,6,6,0,0.00
matricial,20,60,21,True,5,5,0,0.00
matricial,20,60,22,True,4,4,0,0.00
matricial,20,60,23,True,5,5,0,0.00
matricial,20,60,24,True,5,5,0,0.00
matricial,20,60,25,True,5,5,0,0.00
matricial,20,60,26,False,4,5,1,20.00
matricial,20,60,27,True,4,5,1,20.00
matricial,20,60,28,True,6,6,0,0.00
matricial,20,60,29,True,5,5,0,0.00
matricial,20,60,30,True,5,5,0,0.00
matricial,20,60,31,True,6,6,0,0.00
matricial,20,60,32,True,5,5,0,0.00
matricial,20,60,33,True,4,4,0,0.00
matricial,20,60,34,False,5,5,0,0.00
matricial,20,60,35,True,5,5,0,0.00
matricial,20,60,36,True,4,4,0,0.00
matricial,20,60,37,True,5,5,0,0.00
matricial,20,60,38,True,5,5,0,0.00
matricial,20,60,39,True,5,6,1,16.67
matricial,20,60,40,True,6,6,0,0.00
matricial,20,60,41,True,6,6,0,0.00
matricial,20,60,42,False,6,6,0,0.00
matricial,20,60,43,True,7,7,0,0.00
matricial,20,60,44,True,6,6,0,0.00
matricial,20,60,45,True,5,5,0,0.00
matricial,20,60,46,True,6,6,0,0.00
matricial,20,60,47,True,4,4,0,0.00
matricial,20,60,48,True,5,5,0,0.00
matricial,20,60,49,True,6,6,0,0.00
matricial,40,5,0,False,13,13,0,0.00
matricial,40,5,1,True,9,9,0,0.00
matricial,40,5,2,False,13,13,0,0.00
matricial,40,5,3,True,11,11,0,0.00
matricial,40,5,4,False,13,13,0,0.00
matricial,40,5,5,False,13,13,0,0.00
matricial,40,5,6,True,11,11,0,0.00
matricial,40,5,7,True,13,13,0,0.00
matricial,40,5,8,True,11,11,0,0.00
matricial,40,5,9,True,13,13,0,0.00
matricial,40,5,10,True,10,10,0,0.00
matricial,40,5,11,False,13,13,0,0.00
matricial,40,5,12,True,10,10,0,0.00
matricial,40,5,13,False,10,10,0,0.00
matricial,40,5,14,False,12,12,0,0.00
matricial,40,5,15,False,10,10,0,0.00
matricial,40,5,16,False,12,12,0,0.00
matricial,40,5,17,True,12,12,0,0.00
matricial,40,5,18,False,13,13,0,0.00
matricial,40,5,19,True,14,14,0,0.00
matricial,40,5,20,True,12,12,0,0.00
matricial,40,5,21,False,13,13,0,0.00
matricial,40,5,22,True,12,12,0,0.00
matricial,40,5,23,False,11,11,0,0.00
matricial,40,5,24,False,12,12,0,0.00
matricial,40,5,25,True,12,12,0,0.00
matricial,40,5,26,True,14,14,0,0.00
matricial,40,5,27,False,11,11,0,0.00
matricial,40,5,28,True,11,11,0,0.00
matricial,40,5,29,True,14,14,0,0.00
matricial,40,5,30,True,13,13,0,0.00
matricial,40,5,31,True,14,14,0,0.00
matricial,40,5,32,True,11,11,0,0.00
matricial,40,5,33,True,13,13,0,0.00
matricial,40,5,34,True,11,11,0,0.00
matricial,40,5,35,True,13,13,0,0.00
matricial,40,5,36,True,11,11,0,0.00
matricial,40,5,37,False,10,10,0,0.00
matricial,40,5,38,True,12,12,0,0.00
matricial,40,5,39,True,12,12,0,0.00
matricial,40,5,40,True,13,13,0,0.00
matricial,40,5,41,False,11,11,0,0.00
matricial,40,5,42,True,11,11,0,0.00
matricial,40,5,43,True,14,14,0,0.00
matricial,40,5,44,False,12,12,0,0.00
matricial,40,5,45,True,12,12,0,0.00
matricial,40,5,46,True,12,12,0,0.00
matricial,40,5,47,True,11,11,0,0.00
matricial,40,5,48,True,13,13,0,0.00
matricial,40,5,49,False,13,13,0,0.00
matricial,40,15,0,True,13,13,0,0.00
matricial,40,15,1,True,9,9,0,0.00
matricial,40,15,2,True,12,12,0,0.00
matricial,40,15,3,True,10,10,0,0.00
matricial,40,15,4,True,12,12,0,0.00
matricial,40,15,5,False,13,13,0,0.00
matricial,40,15,6,True,11,11,0,0.00
matricial,40,15,7,True,13,13,0,0.00
matricial,40,15,8,True,12,12,0,0.00
matricial,40,15,9,True,13,13,0,0.00
matricial,40,15,10,True,10,10,0,0.00
matricial,40,15,11,False,12,12,0,0.00
matricial,40,15,12,True,10,10,0,0.00
matricial,40,15,13,True,10,10,0,0.00
matricial,40,15,14,True,12,12,0,0.00
matricial,40,15,15,False,10,10,0,0.00
matricial,40,15,16,True,11,11,0,0.00
matricial,40,15,17,True,11,11,0,0.00
matricial,40,15,18,True,12,13,1,7.69
matricial,40,15,19,True,13,13,0,0.00
matricial,40,15,20,True,12,12,0,0.00
matricial,40,15,21,False,13,13,0,0.00
matricial,40,15,22,True,12,12,0,0.00
matricial,40,15,23,True,12,12,0,0.00
matricial,40,15,24,False,11,11,0,0.00
matricial,40,15,25,True,12,12,0,0.00
matricial,40,15,26,True,12,13,1,7.69
matricial,40,15,27,False,11,11,0,0.00
matricial,40,15,28,True,10,11,1,9.09
matricial,40,15,29,True,12,12,0,0.00
matricial,40,15,30,True,13,13,0,0.00
matricial,40,15,31,True,13,13,0,0.00
matricial,40,15,32,True,11,11,0,0.00
matricial,40,15,33,True,13,13,0,0.00
matricial,40,15,34,True,11,11,0,0.00
matricial,40,15,35,True,12,12,0,0.00
matricial,40,15,36,True,10,10,0,0.00
matricial,40,15,37,True,10,10,0,0.00
matricial,40,15,38,True,11,11,0,0.00
matricial,40,15,39,True,10,10,0,0.00
matricial,40,15,40,True,13,13,0,0.00
matricial,40,15,41,True,10,10,0,0.00
matricial,40,15,42,True,11,11,0,0.00
matricial,40,15,43,True,13,13,0,0.00
matricial,40,15,44,True,12,12,0,0.00
matricial,40,15,45,True,11,11,0,0.00
matricial,40,15,46,True,11,11,0,0.00
matricial,40,15,47,True,11,11,0,0.00
matricial,40,15,48,True,12,12,0,0.00
matricial,40,15,49,True,12,12,0,0.00
matricial,40,30,0,True,13,13,0,0.00
matricial,40,30,1,True,9,9,0,0.00
matricial,40,30,2,True,12,12,0,0.00
matricial,40,30,3,True,9,10,1,10.00
matricial,40,30,4,True,11,11,0,0.00
matricial,40,30,5,False,12,12,0,0.00
matricial,40,30,6,True,10,10,0,0.00
matricial,40,30,7,True,13,13,0,0.00
matricial,40,30,8,True,10,11,1,9.09
matricial,40,30,9,True,12,12,0,0.00
matricial,40,30,10,True,9,9,0,0.00
matricial,40,30,11,False,10,11,1,9.09
matricial,40,30,12,True,9,10,1,10.00
matricial,40,30,13,True,9,9,0,0.00
matricial,40,30,14,True,10,11,1,9.09
matricial,40,30,15,False,10,10,0,0.00
matricial,40,30,16,True,11,11,0,0.00
matricial,40,30,17,True,10,10,0,0.00
matricial,40,30,18,True,10,10,0,0.00
matricial,40,30,19,True,13,13,0,0.00
matricial,40,30,20,True,12,12,0,0.00
matricial,40,30,21,False,11,12,1,8.33
matricial,40,30,22,True,12,12,0,0.00
matricial,40,30,23,True,11,11,0,0.00
matricial,40,30,24,False,10,10,0,0.00
matricial,40,30,25,True,12,12,0,0.00
matricial,40,30,26,True,11,12,1,8.33
matricial,40,30,27,False,9,9,0,0.00
matricial,40,30,28,True,10,11,1,9.09
matricial,40,30,29,True,12,12,0,0.00
matricial,40,30,30,True,12,12,0,0.00
matricial,40,30,31,True,10,10,0,0.00
matricial,40,30,32,True,11,11,0,0.00
matricial,40,30,33,True,12,12,0,0.00
matricial,40,30,34,True,10,10,0,0.00
matricial,40,30,35,True,11,11,0,0.00
matricial,40,30,36,True,10,10,0,0.00
matricial,40,30,37,True,9,9,0,0.00
matricial,40,30,38,True,10,10,0,0.00
matricial,40,30,39,True,10,10,0,0.00
matricial,40,30,40,True,13,13,0,0.00
matricial,40,30,41,True,10,10,0,0.00
matricial,40,30,42,True,11,11,0,0.00
matricial,40,30,43,True,13,13,0,0.00
matricial,40,30,44,True,11,11,0,0.00
matricial,40,30,45,True,11,11,0,0.00
matricial,40,30,46,True,11,11,0,0.00
matricial,40,30,47,True,10,10,0,0.00
matricial,40,30,48,True,12,12,0,0.00
matricial,40,30,49,True,11,12,1,8.33
matricial,40,60,0,True,13,13,0,0.00
matricial,40,60,1,True,9,9,0,0.00
matricial,40,60,2,True,11,11,0,0.00
matricial,40,60,3,True,9,10,1,10.00
matricial,40,60,4,True,10,10,0,0.00
matricial,40,60,5,False,10,10,0,0.00
matricial,40,60,6,True,9,10,1,10.00
matricial,40,60,7,True,13,13,0,0.00
matricial,40,60,8,True,10,10,0,0.00
matricial,40,60,9,True,11,11,0,0.00
matricial,40,60,10,True,9,9,0,0.00
matricial,40,60,11,False,10,11,1,9.09
matricial,40,60,12,True,8,9,1,11.11
matricial,40,60,13,True,9,9,0,0.00
matricial,40,60,14,True,11,11,0,0.00
matricial,40,60,15,False,8,10,2,20.00
matricial,40,60,16,True,9,10,1,10.00
matricial,40,60,17,True,10,10,0,0.00
matricial,40,60,18,True,10,10,0,0.00
matricial,40,60,19,True,10,11,1,9.09
matricial,40,60,20,True,10,11,1,9.09
matricial,40,60,21,False,12,12,0,0.00
matricial,40,60,22,True,10,12,2,16.67
matricial,40,60,23,True,10,10,0,0.00
matricial,40,60,24,False,10,10,0,0.00
matricial,40,60,25,True,11,11,0,0.00
matricial,40,60,26,True,11,11,0,0.00
matricial,40,60,27,True,9,9,0,0.00
matricial,40,60,28,True,10,11,1,9.09
matricial,40,60,29,True,11,11,0,0.00
matricial,40,60,30,True,11,11,0,0.00
matricial,40,60,31,True,10,10,0,0.00
matricial,40,60,32,True,11,11,0,0.00
matricial,40,60,33,True,10,10,0,0.00
matricial,40,60,34,True,10,10,0,0.00
matricial,40,60,35,True,9,10,1,10.00
matricial,40,60,36,True,10,10,0,0.00
matricial,40,60,37,True,9,9,0,0.00
matricial,40,60,38,True,10,10,0,0.00
matricial,40,60,39,True,8,9,1,11.11
matricial,40,60,40,True,12,12,0,0.00
matricial,40,60,41,True,10,10,0,0.00
matricial,40,60,42,True,10,10,0,0.00
matricial,40,60,43,True,11,12,1,8.33
matricial,40,60,44,True,11,11,0,0.00
matricial,40,60,45,True,11,11,0,0.00
matricial,40,60,46,True,10,10,0,0.00
matricial,40,60,47,True,10,10,0,0.00
matricial,40,60,48,True,10,10,0,0.00
matricial,40,60,49,True,11,11,0,0.00
matricial,80,5,0,True,26,26,0,0.00
matricial,80,5,1,True,26,26,0,0.00
matricial,80,5,2,False,23,23,0,0.00
matricial,80,5,3,True,24,24,0,0.00
matricial,80,5,4,False,24,24,0,0.00
matricial,80,5,5,False,25,25,0,0.00
matricial,80,5,6,True,21,21,0,0.00
matricial,80,5,7,True,24,24,0,0.00
matricial,80,5,8,True,24,24,0,0.00
matricial,80,5,9,False,27,27,0,0.00
matricial,80,5,10,False,22,22,0,0.00
matricial,80,5,11,True,25,25,0,0.00
matricial,80,5,12,False,22,22,0,0.00
matricial,80,5,13,True,26,26,0,0.00
matricial,80,5,14,True,22,22,0,0.00
matricial,80,5,15,False,22,22,0,0.00
matricial,80,5,16,True,23,23,0,0.00
matricial,80,5,17,True,23,23,0,0.00
matricial,80,5,18,True,23,23,0,0.00
matricial,80,5,19,True,24,24,0,0.00
matricial,80,5,20,True,23,23,0,0.00
matricial,80,5,21,False,21,21,0,0.00
matricial,80,5,22,False,24,24,0,0.00
matricial,80,5,23,False,22,22,0,0.00
matricial,80,5,24,True,24,24,0,0.00
matricial,80,5,25,True,23,23,0,0.00
matricial,80,5,26,False,25,25,0,0.00
matricial,80,5,27,False,24,24,0,0.00
matricial,80,5,28,True,23,23,0,0.00
matricial,80,5,29,True,23,23,0,0.00
matricial,80,5,30,True,22,22,0,0.00
matricial,80,5,31,False,24,24,0,0.00
matricial,80,5,32,False,22,22,0,0.00
matricial,80,5,33,False,21,21,0,0.00
matricial,80,5,34,True,22,22,0,0.00
matricial,80,5,35,True,24,24,0,0.00
matricial,80,5,36,True,22,22,0,0.00
matricial,80,5,37,True,22,22,0,0.00
matricial,80,5,38,True,22,22,0,0.00
matricial,80,5,39,True,24,24,0,0.00
matricial,80,5,40,True,25,25,0,0.00
matricial,80,5,41,False,22,22,0,0.00
matricial,80,5,42,True,21,21,0,0.00
matricial,80,5,43,True,25,25,0,0.00
matricial,80,5,44,False,25,25,0,0.00
matricial,80,5,45,False,22,22,0,0.00
matricial,80,5,46,False,24,24,0,0.00
matricial,80,5,47,True,22,22,0,0.00
matricial,80,5,48,True,23,23,0,0.00
matricial,80,5,49,False,24,24,0,0.00
matricial,80,15,0,True,26,26,0,0.00
matricial,80,15,1,True,23,23,0,0.00
matricial,80,15,2,True,22,22,0,0.00
matricial,80,15,3,True,24,24,0,0.00
matricial,80,15,4,True,22,22,0,0.00
matricial,80,15,5,True,25,25,0,0.00
matricial,80,15,6,True,20,21,1,4.76
matricial,80,15,7,True,24,24,0,0.00
matricial,80,15,8,True,24,24,0,0.00
matricial,80,15,9,True,26,26,0,0.00
matricial,80,15,10,True,20,20,0,0.00
matricial,80,15,11,True,23,23,0,0.00
matricial,80,15,12,True,20,21,1,4.76
matricial,80,15,13,True,25,25,0,0.00
matricial,80,15,14,True,21,21,0,0.00
matricial,80,15,15,True,21,21,0,0.00
matricial,80,15,16,True,22,22,0,0.00
matricial,80,15,17,True,19,20,1,5.00
matricial,80,15,18,True,22,22,0,0.00
matricial,80,15,19,True,23,23,0,0.00
matricial,80,15,20,True,22,22,0,0.00
matricial,80,15,21,True,21,21,0,0.00
matricial,80,15,22,True,24,24,0,0.00
matricial,80,15,23,True,22,22,0,0.00
matricial,80,15,24,True,24,24,0,0.00
matricial,80,15,25,False,22,22,0,0.00
matricial,80,15,26,True,22,22,0,0.00
matricial,80,15,27,False,23,23,0,0.00
matricial,80,15,28,False,23,23,0,0.00
matricial,80,15,29,True,22,22,0,0.00
matricial,80,15,30,True,22,22,0,0.00
matricial,80,15,31,False,24,24,0,0.00
matricial,80,15,32,True,21,21,0,0.00
matricial,80,15,33,False,19,19,0,0.00
matricial,80,15,34,True,22,22,0,0.00
matricial,80,15,35,True,22,22,0,0.00
matricial,80,15,36,True,22,22,0,0.00
matricial,80,15,37,True,21,21,0,0.00
matricial,80,15,38,True,21,21,0,0.00
matricial,80,15,39,True,23,23,0,0.00
matricial,80,15,40,True,24,25,1,4.00
matricial,80,15,41,False,21,22,1,4.55
matricial,80,15,42,True,21,21,0,0.00
matricial,80,15,43,True,25,25,0,0.00
matricial,80,15,44,False,23,24,1,4.17
matricial,80,15,45,True,22,22,0,0.00
matricial,80,15,46,True,22,22,0,0.00
matricial,80,15,47,False,20,20,0,0.00
matricial,80,15,48,True,23,23,0,0.00
matricial,80,15,49,False,22,22,0,0.00
matricial,80,30,0,True,25,25,0,0.00
matricial,80,30,1,True,23,23,0,0.00
matricial,80,30,2,True,22,22,0,0.00
matricial,80,30,3,True,23,24,1,4.17
matricial,80,30,4,True,21,21,0,0.00
matricial,80,30,5,True,19,19,0,0.00
matricial,80,30,6,True,20,20,0,0.00
matricial,80,30,7,True,24,24,0,0.00
matricial,80,30,8,True,23,23,0,0.00
matricial,80,30,9,True,25,25,0,0.00
matricial,80,30,10,True,20,20,0,0.00
matricial,80,30,11,True,23,23,0,0.00
matricial,80,30,12,True,20,20,0,0.00
matricial,80,30,13,True,24,24,0,0.00
matricial,80,30,14,True,21,21,0,0.00
matricial,80,30,15,True,21,21,0,0.00
matricial,80,30,16,True,21,21,0,0.00
matricial,80,30,17,True,20,20,0,0.00
matricial,80,30,18,True,19,19,0,0.00
matricial,80,30,19,True,23,23,0,0.00
matricial,80,30,20,True,22,22,0,0.00
matricial,80,30,21,True,19,20,1,5.00
matricial,80,30,22,True,22,22,0,0.00
matricial,80,30,23,True,20,20,0,0.00
matricial,80,30,24,True,23,23,0,0.00
matricial,80,30,25,False,21,21,0,0.00
matricial,80,30,26,True,21,21,0,0.00
matricial,80,30,27,True,20,20,0,0.00
matricial,80,30,28,False,21,22,1,4.55
matricial,80,30,29,True,20,20,0,0.00
matricial,80,30,30,True,22,22,0,0.00
matricial,80,30,31,True,23,24,1,4.17
matricial,80,30,32,True,20,20,0,0.00
matricial,80,30,33,True,17,17,0,0.00
matricial,80,30,34,True,20,20,0,0.00
matricial,80,30,35,True,22,22,0,0.00
matricial,80,30,36,True,22,22,0,0.00
matricial,80,30,37,True,20,20,0,0.00
matricial,80,30,38,True,21,21,0,0.00
matricial,80,30,39,True,22,22,0,0.00
matricial,80,30,40,True,22,23,1,4.35
matricial,80,30,41,False,17,18,1,5.56
matricial,80,30,42,True,20,20,0,0.00
matricial,80,30,43,True,23,23,0,0.00
matricial,80,30,44,False,23,23,0,0.00
matricial,80,30,45,True,22,22,0,0.00
matricial,80,30,46,True,20,20,0,0.00
matricial,80,30,47,True,19,19,0,0.00
matricial,80,30,48,True,23,23,0,0.00
matricial,80,30,49,False,19,20,1,5.00
matricial,80,60,0,True,25,25,0,0.00
matricial,80,60,1,True,20,21,1,4.76
matricial,80,60,2,True,20,21,1,4.76
matricial,80,60,3,True,21,21,0,0.00
matricial,80,60,4,True,19,20,1,5.00
matricial,80,60,5,True,18,18,0,0.00
matricial,80,60,6,True,19,19,0,0.00
matricial,80,60,7,True,23,23,0,0.00
matricial,80,60,8,True,22,22,0,0.00
matricial,80,60,9,True,22,23,1,4.35
matricial,80,60,10,True,19,20,1,5.00
matricial,80,60,11,True,23,23,0,0.00
matricial,80,60,12,True,20,20,0,0.00
matricial,80,60,13,True,21,21,0,0.00
matricial,80,60,14,True,19,19,0,0.00
matricial,80,60,15,True,20,20,0,0.00
matricial,80,60,16,True,19,20,1,5.00
matricial,80,60,17,True,18,18,0,0.00
matricial,80,60,18,True,18,18,0,0.00
matricial,80,60,19,True,20,21,1,4.76
matricial,80,60,20,True,22,22,0,0.00
matricial,80,60,21,True,19,19,0,0.00
matricial,80,60,22,True,20,22,2,9.09
matricial,80,60,23,True,18,19,1,5.26
matricial,80,60,24,True,21,23,2,8.70
matricial,80,60,25,False,19,19,0,0.00
matricial,80,60,26,True,19,19,0,0.00
matricial,80,60,27,True,18,19,1,5.26
matricial,80,60,28,False,18,19,1,5.26
matricial,80,60,29,True,20,20,0,0.00
matricial,80,60,30,True,22,22,0,0.00
matricial,80,60,31,True,20,21,1,4.76
matricial,80,60,32,True,18,18,0,0.00
matricial,80,60,33,True,16,17,1,5.88
matricial,80,60,34,True,18,18,0,0.00
matricial,80,60,35,True,18,18,0,0.00
matricial,80,60,36,True,21,21,0,0.00
matricial,80,60,37,True,19,19,0,0.00
matricial,80,60,38,True,19,19,0,0.00
matricial,80,60,39,True,20,20,0,0.00
matricial,80,60,40,True,21,22,1,4.55
matricial,80,60,41,False,17,17,0,0.00
matricial,80,60,42,True,20,20,0,0.00
matricial,80,60,43,True,23,23,0,0.00
matricial,80,60,44,False,19,20,1,5.00
matricial,80,60,45,True,17,20,3,15.00
matricial,80,60,46,True,20,20,0,0.00
matricial,80,60,47,True,19,19,0,0.00
matricial,80,60,48,True,22,23,1,4.35
matricial,80,60,49,False,16,19,3,15.79
uniforme,10,5,0,False,3,3,0,0.00
uniforme,10,5,1,True,4,4,0,0.00
uniforme,10,5,2,False,3,3,0,0.00
uniforme,10,5,3,False,4,4,0,0.00
uniforme,10,5,4,True,3,3,0,0.00
uniforme,10,5,5,True,3,3,0,0.00
uniforme,10,5,6,True,4,4,0,0.00
uniforme,10,5,7,True,3,3,0,0.00
uniforme,10,5,8,True,3,3,0,0.00
uniforme,10,5,9,True,4,4,0,0.00
uniforme,10,5,10,True,4,4,0,0.00
uniforme,10,5,11,True,4,4,0,0.00
uniforme,10,5,12,True,3,3,0,0.00
uniforme,10,5,13,False,2,2,0,0.00
uniforme,10,5,14,True,3,3,0,0.00
uniforme,10,5,15,True,3,3,0,0.00
uniforme,10,5,16,True,3,3,0,0.00
uniforme,10,5,17,True,4,4,0,0.00
uniforme,10,5,18,True,2,2,0,0.00
uniforme,10,5,19,True,3,3,0,0.00
uniforme,10,5,20,True,4,4,0,0.00
uniforme,10,5,21,True,4,4,0,0.00
uniforme,10,5,22,False,3,3,0,0.00
uniforme,10,5,23,True,3,3,0,0.00
uniforme,10,5,24,False,3,3,0,0.00
uniforme,10,5,25,True,3,3,0,0.00
uniforme,10,5,26,True,2,2,0,0.00
uniforme,10,5,27,True,3,3,0,0.00
uniforme,10,5,28,False,3,3,0,0.00
uniforme,10,5,29,False,3,3,0,0.00
uniforme,10,5,30,False,3,3,0,0.00
uniforme,10,5,31,True,5,5,0,0.00
uniforme,10,5,32,False,3,3,0,0.00
uniforme,10,5,33,True,3,3,0,0.00
uniforme,10,5,34,False,4,4,0,0.00
uniforme,10,5,35,True,3,3,0,0.00
uniforme,10,5,36,False,2,2,0,0.00
uniforme,10,5,37,True,4,4,0,0.00
uniforme,10,5,38,False,4,4,0,0.00
uniforme,10,5,39,False,3,3,0,0.00
uniforme,10,5,40,False,4,4,0,0.00
uniforme,10,5,41,False,3,3,0,0.00
uniforme,10,5,42,True,4,4,0,0.00
uniforme,10,5,43,True,3,3,0,0.00
uniforme,10,5,44,True,4,4,0,0.00
uniforme,10,5,45,False,3,3,0,0.00
uniforme,10,5,46,True,4,4,0,0.00
uniforme,10,5,47,True,3,3,0,0.00
uniforme,10,5,48,False,3,3,0,0.00
uniforme,10,5,49,False,3,3,0,0.00
uniforme,10,15,0,True,3,3,0,0.00
uniforme,10,15,1,True,3,3,0,0.00
uniforme,10,15,2,False,3,3,0,0.00
uniforme,10,15,3,False,3,3,0,0.00
uniforme,10,15,4,True,3,3,0,0.00
uniforme,10,15,5,True,3,3,0,0.00
uniforme,10,15,6,False,3,3,0,0.00
uniforme,10,15,7,True,3,3,0,0.00
uniforme,10,15,8,True,3,3,0,0.00
uniforme,10,15,9,True,3,3,0,0.00
uniforme,10,15,10,True,4,4,0,0.00
uniforme,10,15,11,False,4,4,0,0.00
uniforme,10,15,12,True,3,3,0,0.00
uniforme,10,15,13,False,2,2,0,0.00
uniforme,10,15,14,True,3,3,0,0.00
uniforme,10,15,15,True,3,3,0,0.00
uniforme,10,15,16,True,3,3,0,0.00
uniforme,10,15,17,True,4,4,0,0.00
uniforme,10,15,18,False,2,2,0,0.00
uniforme,10,15,19,False,3,3,0,0.00
uniforme,10,15,20,True,4,4,0,0.00
uniforme,10,15,21,True,4,4,0,0.00
uniforme,10,15,22,True,3,3,0,0.00
uniforme,10,15,23,True,3,3,0,0.00
uniforme,10,15,24,True,3,3,0,0.00
uniforme,10,15,25,True,3,3,0,0.00
uniforme,10,15,26,True,2,2,0,0.00
uniforme,10,15,27,True,3,3,0,0.00
uniforme,10,15,28,True,3,3,0,0.00
uniforme,10,15,29,True,2,2,0,0.00
uniforme,10,15,30,True,3,3,0,0.00
uniforme,10,15,31,True,4,4,0,0.00
uniforme,10,15,32,False,3,3,0,0.00
uniforme,10,15,33,True,3,3,0,0.00
uniforme,10,15,34,False,4,4,0,0.00
uniforme,10,15,35,True,3,3,0,0.00
uniforme,10,15,36,True,2,2,0,0.00
uniforme,10,15,37,False,4,4,0,0.00
uniforme,10,15,38,True,3,3,0,0.00
uniforme,10,15,39,False,3,3,0,0.00
uniforme,10,15,40,True,4,4,0,0.00
uniforme,10,15,41,True,3,3,0,0.00
uniforme,10,15,42,True,4,4,0,0.00
uniforme,10,15,43,True,3,3,0,0.00
uniforme,10,15,44,True,4,4,0,0.00
uniforme,10,15,45,False,3,3,0,0.00
uniforme,10,15,46,True,4,4,0,0.00
uniforme,10,15,47,False,3,3,0,0.00
uniforme,10,15,48,True,2,2,0,0.00
uniforme,10,15,49,False,3,3,0,0.00
uniforme,10,30,0,True,3,3,0,0.00
uniforme,10,30,1,True,3,3,0,0.00
uniforme,10,30,2,False,2,2,0,0.00
uniforme,10,30,3,False,3,3,0,0.00
uniforme,10,30,4,True,3,3,0,0.00
uniforme,10,30,5,True,2,2,0,0.00
uniforme,10,30,6,False,3,3,0,0.00
uniforme,10,30,7,True,3,3,0,0.00
uniforme,10,30,8,True,3,3,0,0.00
uniforme,10,30,9,True,2,2,0,0.00
uniforme,10,30,10,True,2,2,0,0.00
uniforme,10,30,11,False,3,3,0,0.00
uniforme,10,30,12,True,3,3,0,0.00
uniforme,10,30,13,False,2,2,0,0.00
uniforme,10,30,14,True,3,3,0,0.00
uniforme,10,30,15,True,2,2,0,0.00
uniforme,10,30,16,True,3,3,0,0.00
uniforme,10,30,17,True,3,3,0,0.00
uniforme,10,30,18,False,2,2,0,0.00
uniforme,10,30,19,False,3,3,0,0.00
uniforme,10,30,20,True,4,4,0,0.00
uniforme,10,30,21,True,3,3,0,0.00
uniforme,10,30,22,True,3,3,0,0.00
uniforme,10,30,23,True,3,3,0,0.00
uniforme,10,30,24,True,3,3,0,0.00
uniforme,10,30,25,True,3,3,0,0.00
uniforme,10,30,26,True,2,2,0,0.00
uniforme,10,30,27,True,3,3,0,0.00
uniforme,10,30,28,True,3,3,0,0.00
uniforme,10,30,29,True,2,2,0,0.00
uniforme,10,30,30,True,3,3,0,0.00
uniforme,10,30,31,True,4,4,0,0.00
uniforme,10,30,32,False,3,3,0,0.00
uniforme,10,30,33,True,3,3,0,0.00
uniforme,10,30,34,False,3,3,0,0.00
uniforme,10,30,35,True,2,2,0,0.00
uniforme,10,30,36,True,2,2,0,0.00
uniforme,10,30,37,False,3,3,0,0.00
uniforme,10,30,38,True,3,3,0,0.00
uniforme,10,30,39,True,3,3,0,0.00
uniforme,10,30,40,True,4,4,0,0.00
uniforme,10,30,41,True,3,3,0,0.00
uniforme,10,30,42,True,4,4,0,0.00
uniforme,10,30,43,True,3,3,0,0.00
uniforme,10,30,44,True,3,3,0,0.00
uniforme,10,30,45,False,3,3,0,0.00
uniforme,10,30,46,True,3,3,0,0.00
uniforme,10,30,47,False,3,3,0,0.00
uniforme,10,30,48,True,2,2,0,0.00
uniforme,10,30,49,False,3,3,0,0.00
uniforme,10,60,0,True,3,3,0,0.00
uniforme,10,60,1,True,3,3,0,0.00
uniforme,10,60,2,False,2,2,0,0.00
uniforme,10,60,3,False,3,3,0,0.00
uniforme,10,60,4,True,3,3,0,0.00
uniforme,10,60,5,True,2,2,0,0.00
uniforme,10,60,6,False,2,2,0,0.00
uniforme,10,60,7,True,3,3,0,0.00
uniforme,10,60,8,True,3,3,0,0.00
uniforme,10,60,9,True,2,2,0,0.00
uniforme,10,60,10,True,2,2,0,0.00
uniforme,10,60,11,False,3,3,0,0.00
uniforme,10,60,12,True,2,2,0,0.00
uniforme,10,60,13,False,2,2,0,0.00
uniforme,10,60,14,True,2,2,0,0.00
uniforme,10,60,15,True,2,2,0,0.00
uniforme,10,60,16,True,2,2,0,0.00
uniforme,10,60,17,True,3,3,0,0.00
uniforme,10,60,18,False,2,2,0,0.00
uniforme,10,60,19,False,2,2,0,0.00
uniforme,10,60,20,True,3,3,0,0.00
uniforme,10,60,21,True,3,3,0,0.00
uniforme,10,60,22,True,3,3,0,0.00
uniforme,10,60,23,True,2,2,0,0.00
uniforme,10,60,24,True,2,2,0,0.00
uniforme,10,60,25,True,2,2,0,0.00
uniforme,10,60,26,True,2,2,0,0.00
uniforme,10,60,27,True,3,3,0,0.00
uniforme,10,60,28,True,3,3,0,0.00
uniforme,10,60,29,True,2,2,0,0.00
uniforme,10,60,30,True,2,2,0,0.00
uniforme,10,60,31,True,3,3,0,0.00
uniforme,10,60,32,True,2,2,0,0.00
uniforme,10,60,33,True,2,2,0,0.00
uniforme,10,60,34,False,3,3,0,0.00
uniforme,10,60,35,True,2,2,0,0.00
uniforme,10,60,36,True,2,2,0,0.00
uniforme,10,60,37,False,3,3,0,0.00
uniforme,10,60,38,True,3,3,0,0.00
uniforme,10,60,39,True,3,3,0,0.00
uniforme,10,60,40,True,2,2,0,0.00
uniforme,10,60,41,True,3,3,0,0.00
uniforme,10,60,42,True,3,3,0,0.00
uniforme,10,60,43,True,2,2,0,0.00
uniforme,10,60,44,True,3,3,0,0.00
uniforme,10,60,45,False,3,3,0,0.00
uniforme,10,60,46,True,3,3,0,0.00
uniforme,10,60,47,True,3,3,0,0.00
uniforme,10,60,48,True,2,2,0,0.00
uniforme,10,60,49,True,3,3,0,0.00
uniforme,20,5,0,True,6,6,0,0.00
uniforme,20,5,1,True,7,7,0,0.00
uniforme,20,5,2,True,5,5,0,0.00
uniforme,20,5,3,True,6,6,0,0.00
uniforme,20,5,4,False,6,6,0,0.00
uniforme,20,5,5,True,6,6,0,0.00
uniforme,20,5,6,True,6,6,0,0.00
uniforme,20,5,7,False,7,7,0,0.00
uniforme,20,5,8,False,5,5,0,0.00
uniforme,20,5,9,True,7,7,0,0.00
uniforme,20,5,10,False,6,6,0,0.00
uniforme,20,5,11,True,6,6,0,0.00
uniforme,20,5,12,True,7,7,0,0.00
uniforme,20,5,13,False,5,5,0,0.00
uniforme,20,5,14,False,5,5,0,0.00
uniforme,20,5,15,False,6,6,0,0.00
uniforme,20,5,16,False,5,5,0,0.00
uniforme,20,5,17,True,7,7,0,0.00
uniforme,20,5,18,True,5,5,0,0.00
uniforme,20,5,19,False,6,6,0,0.00
uniforme,20,5,20,True,7,7,0,0.00
uniforme,20,5,21,False,7,7,0,0.00
uniforme,20,5,22,True,7,7,0,0.00
uniforme,20,5,23,True,6,6,0,0.00
uniforme,20,5,24,False,5,5,0,0.00
uniforme,20,5,25,True,5,5,0,0.00
uniforme,20,5,26,False,6,6,0,0.00
uniforme,20,5,27,True,6,6,0,0.00
uniforme,20,5,28,False,7,7,0,0.00
uniforme,20,5,29,True,5,5,0,0.00
uniforme,20,5,30,False,6,6,0,0.00
uniforme,20,5,31,True,6,6,0,0.00
uniforme,20,5,32,False,6,6,0,0.00
uniforme,20,5,33,True,5,5,0,0.00
uniforme,20,5,34,False,6,6,0,0.00
uniforme,20,5,35,True,7,7,0,0.00
uniforme,20,5,36,True,4,4,0,0.00
uniforme,20,5,37,True,6,6,0,0.00
uniforme,20,5,38,False,6,6,0,0.00
uniforme,20,5,39,True,6,6,0,0.00
uniforme,20,5,40,True,6,6,0,0.00
uniforme,20,5,41,True,6,6,0,0.00
uniforme,20,5,42,True,6,6,0,0.00
uniforme,20,5,43,True,7,7,0,0.00
uniforme,20,5,44,True,7,7,0,0.00
uniforme,20,5,45,True,7,7,0,0.00
uniforme,20,5,46,True,6,6,0,0.00
uniforme,20,5,47,True,5,5,0,0.00
uniforme,20,5,48,True,6,6,0,0.00
uniforme,20,5,49,False,7,7,0,0.00
uniforme,20,15,0,True,5,5,0,0.00
uniforme,20,15,1,True,7,7,0,0.00
uniforme,20,15,2,True,5,5,0,0.00
uniforme,20,15,3,True,5,5,0,0.00
uniforme,20,15,4,True,6,6,0,0.00
uniforme,20,15,5,True,6,6,0,0.00
uniforme,20,15,6,True,6,6,0,0.00
uniforme,20,15,7,False,7,7,0,0.00
uniforme,20,15,8,True,5,5,0,0.00
uniforme,20,15,9,False,7,7,0,0.00
uniforme,20,15,10,True,5,5,0,0.00
uniforme,20,15,11,True,6,6,0,0.00
uniforme,20,15,12,True,7,7,0,0.00
uniforme,20,15,13,False,5,5,0,0.00
uniforme,20,15,14,True,5,5,0,0.00
uniforme,20,15,15,False,6,6,0,0.00
uniforme,20,15,16,False,5,5,0,0.00
uniforme,20,15,17,True,7,7,0,0.00
uniforme,20,15,18,True,5,5,0,0.00
uniforme,20,15,19,True,5,5,0,0.00
uniforme,20,15,20,True,7,7,0,0.00
uniforme,20,15,21,True,7,7,0,0.00
uniforme,20,15,22,True,6,6,0,0.00
uniforme,20,15,23,True,5,5,0,0.00
uniforme,20,15,24,True,5,5,0,0.00
uniforme,20,15,25,True,5,5,0,0.00
uniforme,20,15,26,False,6,6,0,0.00
uniforme,20,15,27,True,5,5,0,0.00
uniforme,20,15,28,True,6,6,0,0.00
uniforme,20,15,29,True,5,5,0,0.00
uniforme,20,15,30,True,6,6,0,0.00
uniforme,20,15,31,True,6,6,0,0.00
uniforme,20,15,32,True,5,5,0,0.00
uniforme,20,15,33,True,5,5,0,0.00
uniforme,20,15,34,False,6,6,0,0.00
uniforme,20,15,35,True,6,6,0,0.00
uniforme,20,15,36,True,4,4,0,0.00
uniforme,20,15,37,True,6,6,0,0.00
uniforme,20,15,38,True,5,5,0,0.00
uniforme,20,15,39,True,6,6,0,0.00
uniforme,20,15,40,True,6,6,0,0.00
uniforme,20,15,41,True,6,6,0,0.00
uniforme,20,15,42,False,6,6,0,0.00
uniforme,20,15,43,True,7,7,0,0.00
uniforme,20,15,44,False,7,7,0,0.00
uniforme,20,15,45,True,6,6,0,0.00
uniforme,20,15,46,True,6,6,0,0.00
uniforme,20,15,47,True,5,5,0,0.00
uniforme,20,15,48,True,6,6,0,0.00
uniforme,20,15,49,True,6,6,0,0.00
uniforme,20,30,0,True,5,5,0,0.00
uniforme,20,30,1,True,6,6,0,0.00
uniforme,20,30,2,True,5,5,0,0.00
uniforme,20,30,3,True,5,5,0,0.00
uniforme,20,30,4,True,6,6,0,0.00
uniforme,20,30,5,True,6,6,0,0.00
uniforme,20,30,6,True,5,5,0,0.00
uniforme,20,30,7,False,7,7,0,0.00
uniforme,20,30,8,True,4,4,0,0.00
uniforme,20,30,9,False,6,6,0,0.00
uniforme,20,30,10,True,5,5,0,0.00
uniforme,20,30,11,True,5,5,0,0.00
uniforme,20,30,12,True,5,5,0,0.00
uniforme,20,30,13,False,4,4,0,0.00
uniforme,20,30,14,True,5,5,0,0.00
uniforme,20,30,15,True,6,6,0,0.00
uniforme,20,30,16,False,5,5,0,0.00
uniforme,20,30,17,True,6,6,0,0.00
uniforme,20,30,18,True,5,5,0,0.00
uniforme,20,30,19,True,5,5,0,0.00
uniforme,20,30,20,True,6,6,0,0.00
uniforme,20,30,21,True,7,7,0,0.00
uniforme,20,30,22,True,5,5,0,0.00
uniforme,20,30,23,True,5,5,0,0.00
uniforme,20,30,24,True,5,5,0,0.00
uniforme,20,30,25,True,5,5,0,0.00
uniforme,20,30,26,False,6,6,0,0.00
uniforme,20,30,27,True,4,4,0,0.00
uniforme,20,30,28,True,5,5,0,0.00
uniforme,20,30,29,True,5,5,0,0.00
uniforme,20,30,30,True,5,5,0,0.00
uniforme,20,30,31,True,6,6,0,0.00
uniforme,20,30,32,True,4,4,0,0.00
uniforme,20,30,33,True,4,4,0,0.00
uniforme,20,30,34,False,5,5,0,0.00
uniforme,20,30,35,True,6,6,0,0.00
uniforme,20,30,36,True,4,4,0,0.00
uniforme,20,30,37,True,5,5,0,0.00
uniforme,20,30,38,True,4,4,0,0.00
uniforme,20,30,39,True,6,6,0,0.00
uniforme,20,30,40,True,6,6,0,0.00
uniforme,20,30,41,True,5,5,0,0.00
uniforme,20,30,42,False,6,6,0,0.00
uniforme,20,30,43,True,6,6,0,0.00
uniforme,20,30,44,True,7,7,0,0.00
uniforme,20,30,45,True,5,5,0,0.00
uniforme,20,30,46,True,5,5,0,0.00
uniforme,20,30,47,True,5,5,0,0.00
uniforme,20,30,48,True,6,6,0,0.00
uniforme,20,30,49,True,6,6,0,0.00
uniforme,20,60,0,True,5,5,0,0.00
uniforme,20,60,1,True,5,5,0,0.00
uniforme,20,60,2,True,4,4,0,0.00
uniforme,20,60,3,True,5,5,0,0.00
uniforme,20,60,4,True,4,4,0,0.00
uniforme,20,60,5,True,5,5,0,0.00
uniforme,20,60,6,True,5,5,0,0.00
uniforme,20,60,7,False,5,5,0,0.00
uniforme,20,60,8,True,4,4,0,0.00
uniforme,20,60,9,False,5,5,0,0.00
uniforme,20,60,10,True,5,5,0,0.00
uniforme,20,60,11,True,5,5,0,0.00
uniforme,20,60,12,True,4,4,0,0.00
uniforme,20,60,13,False,3,3,0,0.00
uniforme,20,60,14,True,5,5,0,0.00
uniforme,20,60,15,True,4,4,0,0.00
uniforme,20,60,16,False,4,4,0,0.00
uniforme,20,60,17,True,4,4,0,0.00
uniforme,20,60,18,True,4,4,0,0.00
uniforme,20,60,19,True,4,4,0,0.00
uniforme,20,60,20,True,4,4,0,0.00
uniforme,20,60,21,True,5,5,0,0.00
uniforme,20,60,22,True,4,4,0,0.00
uniforme,20,60,23,True,5,5,0,0.00
uniforme,20,60,24,True,5,5,0,0.00
uniforme,20,60,25,True,4,4,0,0.00
uniforme,20,60,26,False,4,4,0,0.00
uniforme,20,60,27,True,4,4,0,0.00
uniforme,20,60,28,True,4,4,0,0.00
uniforme,20,60,29,True,4,4,0,0.00
uniforme,20,60,30,True,5,5,0,0.00
uniforme,20,60,31,True,5,5,0,0.00
uniforme,20,60,32,True,4,4,0,0.00
uniforme,20,60,33,True,4,4,0,0.00
uniforme,20,60,34,False,5,5,0,0.00
uniforme,20,60,35,True,5,5,0,0.00
uniforme,20,60,36,True,3,3,0,0.00
uniforme,20,60,37,True,5,5,0,0.00
uniforme,20,60,38,True,4,4,0,0.00
uniforme,20,60,39,True,5,5,0,0.00
uniforme,20,60,40,True,5,5,0,0.00
uniforme,20,60,41,True,5,5,0,0.00
uniforme,20,60,42,False,5,5,0,0.00
uniforme,20,60,43,True,5,5,0,0.00
uniforme,20,60,44,True,5,5,0,0.00
uniforme,20,60,45,True,4,4,0,0.00
uniforme,20,60,46,True,4,4,0,0.00
uniforme,20,60,47,True,4,4,0,0.00
uniforme,20,60,48,True,4,4,0,0.00
uniforme,20,60,49,True,5,5,0,0.00
uniforme,40,5,0,False,12,12,0,0.00
uniforme,40,5,1,True,9,9,0,0.00
uniforme,40,5,2,False,12,12,0,0.00
uniforme,40,5,3,True,11,11,0,0.00
uniforme,40,5,4,False,13,13,0,0.00
uniforme,40,5,5,False,13,13,0,0.00
uniforme,40,5,6,True,11,11,0,0.00
uniforme,40,5,7,True,13,13,0,0.00
uniforme,40,5,8,True,11,11,0,0.00
uniforme,40,5,9,True,13,13,0,0.00
uniforme,40,5,10,True,10,10,0,0.00
uniforme,40,5,11,False,13,13,0,0.00
uniforme,40,5,12,True,10,10,0,0.00
uniforme,40,5,13,False,10,10,0,0.00
uniforme,40,5,14,False,11,11,0,0.00
uniforme,40,5,15,False,10,10,0,0.00
uniforme,40,5,16,False,11,11,0,0.00
uniforme,40,5,17,True,12,12,0,0.00
uniforme,40,5,18,False,13,13,0,0.00
uniforme,40,5,19,True,12,12,0,0.00
uniforme,40,5,20,True,12,12,0,0.00
uniforme,40,5,21,False,13,13,0,0.00
uniforme,40,5,22,True,12,12,0,0.00
uniforme,40,5,23,False,11,11,0,0.00
uniforme,40,5,24,False,12,12,0,0.00
uniforme,40,5,25,True,12,12,0,0.00
uniforme,40,5,26,True,13,13,0,0.00
uniforme,40,5,27,False,11,11,0,0.00
uniforme,40,5,28,True,11,11,0,0.00
uniforme,40,5,29,True,13,13,0,0.00
uniforme,40,5,30,True,13,13,0,0.00
uniforme,40,5,31,True,14,14,0,0.00
uniforme,40,5,32,True,11,11,0,0.00
uniforme,40,5,33,True,13,13,0,0.00
uniforme,40,5,34,True,11,11,0,0.00
uniforme,40,5,35,True,14,14,0,0.00
uniforme,40,5,36,True,11,11,0,0.00
uniforme,40,5,37,False,9,9,0,0.00
uniforme,40,5,38,True,12,12,0,0.00
uniforme,40,5,39,True,12,12,0,0.00
uniforme,40,5,40,True,13,13,0,0.00
uniforme,40,5,41,False,11,11,0,0.00
uniforme,40,5,42,True,11,11,0,0.00
uniforme,40,5,43,True,13,13,0,0.00
uniforme,40,5,44,False,12,12,0,0.00
uniforme,40,5,45,True,11,11,0,0.00
uniforme,40,5,46,True,12,12,0,0.00
uniforme,40,5,47,True,11,11,0,0.00
uniforme,40,5,48,True,13,13,0,0.00
uniforme,40,5,49,False,13,13,0,0.00
uniforme,40,15,0,True,12,12,0,0.00
uniforme,40,15,1,True,9,9,0,0.00
uniforme,40,15,2,True,11,11,0,0.00
uniforme,40,15,3,True,9,9,0,0.00
uniforme,40,15,4,True,13,13,0,0.00
uniforme,40,15,5,False,13,13,0,0.00
uniforme,40,15,6,True,10,10,0,0.00
uniforme,40,15,7,True,12,12,0,0.00
uniforme,40,15,8,True,9,9,0,0.00
uniforme,40,15,9,True,12,12,0,0.00
uniforme,40,15,10,True,10,10,0,0.00
uniforme,40,15,11,False,12,12,0,0.00
uniforme,40,15,12,True,10,10,0,0.00
uniforme,40,15,13,True,10,10,0,0.00
uniforme,40,15,14,True,10,10,0,0.00
uniforme,40,15,15,False,10,10,0,0.00
uniforme,40,15,16,True,11,11,0,0.00
uniforme,40,15,17,True,11,11,0,0.00
uniforme,40,15,18,True,12,12,0,0.00
uniforme,40,15,19,True,12,12,0,0.00
uniforme,40,15,20,True,12,12,0,0.00
uniforme,40,15,21,False,12,12,0,0.00
uniforme,40,15,22,True,11,11,0,0.00
uniforme,40,15,23,True,11,11,0,0.00
uniforme,40,15,24,False,11,11,0,0.00
uniforme,40,15,25,True,11,11,0,0.00
uniforme,40,15,26,True,13,13,0,0.00
uniforme,40,15,27,False,11,11,0,0.00
uniforme,40,15,28,True,10,10,0,0.00
uniforme,40,15,29,True,11,11,0,0.00
uniforme,40,15,30,True,11,11,0,0.00
uniforme,40,15,31,True,10,10,0,0.00
uniforme,40,15,32,True,11,11,0,0.00
uniforme,40,15,33,True,13,13,0,0.00
uniforme,40,15,34,True,9,9,0,0.00
uniforme,40,15,35,True,12,12,0,0.00
uniforme,40,15,36,True,11,11,0,0.00
uniforme,40,15,37,True,8,8,0,0.00
uniforme,40,15,38,True,12,12,0,0.00
uniforme,40,15,39,True,11,11,0,0.00
uniforme,40,15,40,True,13,13,0,0.00
uniforme,40,15,41,True,10,10,0,0.00
uniforme,40,15,42,True,11,11,0,0.00
uniforme,40,15,43,True,11,11,0,0.00
uniforme,40,15,44,True,12,12,0,0.00
uniforme,40,15,45,True,11,11,0,0.00
uniforme,40,15,46,True,10,10,0,0.00
uniforme,40,15,47,True,11,11,0,0.00
uniforme,40,15,48,True,12,12,0,0.00
uniforme,40,15,49,True,12,12,0,0.00
uniforme,40,30,0,True,10,10,0,0.00
uniforme,40,30,1,True,9,9,0,0.00
uniforme,40,30,2,True,11,11,0,0.00
uniforme,40,30,3,True,9,9,0,0.00
uniforme,40,30,4,True,10,10,0,0.00
uniforme,40,30,5,False,12,12,0,0.00
uniforme,40,30,6,True,10,10,0,0.00
uniforme,40,30,7,True,11,11,0,0.00
uniforme,40,30,8,True,8,8,0,0.00
uniforme,40,30,9,True,10,10,0,0.00
uniforme,40,30,10,True,9,9,0,0.00
uniforme,40,30,11,False,9,9,0,0.00
uniforme,40,30,12,True,8,8,0,0.00
uniforme,40,30,13,True,9,9,0,0.00
uniforme,40,30,14,True,9,9,0,0.00
uniforme,40,30,15,False,10,10,0,0.00
uniforme,40,30,16,True,11,11,0,0.00
uniforme,40,30,17,True,9,9,0,0.00
uniforme,40,30,18,True,10,10,0,0.00
uniforme,40,30,19,True,12,12,0,0.00
uniforme,40,30,20,True,11,11,0,0.00
uniforme,40,30,21,False,12,12,0,0.00
uniforme,40,30,22,True,10,10,0,0.00
uniforme,40,30,23,True,9,9,0,0.00
uniforme,40,30,24,False,8,8,0,0.00
uniforme,40,30,25,True,10,10,0,0.00
uniforme,40,30,26,True,12,12,0,0.00
uniforme,40,30,27,False,9,9,0,0.00
uniforme,40,30,28,True,10,10,0,0.00
uniforme,40,30,29,True,11,11,0,0.00
uniforme,40,30,30,True,11,11,0,0.00
uniforme,40,30,31,True,10,10,0,0.00
uniforme,40,30,32,True,11,11,0,0.00
uniforme,40,30,33,True,11,11,0,0.00
uniforme,40,30,34,True,8,8,0,0.00
uniforme,40,30,35,True,10,10,0,0.00
uniforme,40,30,36,True,8,8,0,0.00
uniforme,40,30,37,True,8,8,0,0.00
uniforme,40,30,38,True,10,10,0,0.00
uniforme,40,30,39,True,10,10,0,0.00
uniforme,40,30,40,True,12,12,0,0.00
uniforme,40,30,41,True,10,10,0,0.00
uniforme,40,30,42,True,10,10,0,0.00
uniforme,40,30,43,True,11,11,0,0.00
uniforme,40,30,44,True,10,10,0,0.00
uniforme,40,30,45,True,10,10,0,0.00
uniforme,40,30,46,True,10,10,0,0.00
uniforme,40,30,47,True,10,10,0,0.00
uniforme,40,30,48,True,11,11,0,0.00
uniforme,40,30,49,True,10,10,0,0.00
uniforme,40,60,0,True,9,9,0,0.00
uniforme,40,60,1,True,8,8,0,0.00
uniforme,40,60,2,True,9,9,0,0.00
uniforme,40,60,3,True,9,9,0,0.00
uniforme,40,60,4,True,9,9,0,0.00
uniforme,40,60,5,False,9,9,0,0.00
uniforme,40,60,6,True,7,7,0,0.00
uniforme,40,60,7,True,9,9,0,0.00
uniforme,40,60,8,True,7,7,0,0.00
uniforme,40,60,9,True,10,10,0,0.00
uniforme,40,60,10,True,8,8,0,0.00
uniforme,40,60,11,False,9,9,0,0.00
uniforme,40,60,12,True,7,7,0,0.00
uniforme,40,60,13,True,8,8,0,0.00
uniforme,40,60,14,True,7,7,0,0.00
uniforme,40,60,15,False,8,8,0,0.00
uniforme,40,60,16,True,10,10,0,0.00
uniforme,40,60,17,True,8,8,0,0.00
uniforme,40,60,18,True,8,8,0,0.00
uniforme,40,60,19,True,9,9,0,0.00
uniforme,40,60,20,True,10,10,0,0.00
uniforme,40,60,21,False,9,9,0,0.00
uniforme,40,60,22,True,10,10,0,0.00
uniforme,40,60,23,True,8,8,0,0.00
uniforme,40,60,24,False,8,8,0,0.00
uniforme,40,60,25,True,10,10,0,0.00
uniforme,40,60,26,True,9,9,0,0.00
uniforme,40,60,27,True,8,8,0,0.00
uniforme,40,60,28,True,9,9,0,0.00
uniforme,40,60,29,True,9,9,0,0.00
uniforme,40,60,30,True,9,9,0,0.00
uniforme,40,60,31,True,9,9,0,0.00
uniforme,40,60,32,True,9,9,0,0.00
uniforme,40,60,33,True,8,8,0,0.00
uniforme,40,60,34,True,8,8,0,0.00
uniforme,40,60,35,True,10,10,0,0.00
uniforme,40,60,36,True,8,8,0,0.00
uniforme,40,60,37,True,8,8,0,0.00
uniforme,40,60,38,True,10,10,0,0.00
uniforme,40,60,39,True,9,9,0,0.00
uniforme,40,60,40,True,8,8,0,0.00
uniforme,40,60,41,True,9,9,0,0.00
uniforme,40,60,42,True,7,7,0,0.00
uniforme,40,60,43,True,10,10,0,0.00
uniforme,40,60,44,True,10,10,0,0.00
uniforme,40,60,45,True,9,9,0,0.00
uniforme,40,60,46,True,8,8,0,0.00
uniforme,40,60,47,True,9,9,0,0.00
uniforme,40,60,48,True,9,9,0,0.00
uniforme,40,60,49,True,8,8,0,0.00
uniforme,80,5,0,True,25,25,0,0.00
uniforme,80,5,1,True,26,26,0,0.00
uniforme,80,5,2,False,23,23,0,0.00
uniforme,80,5,3,True,24,24,0,0.00
uniforme,80,5,4,False,25,25,0,0.00
uniforme,80,5,5,False,25,25,0,0.00
uniforme,80,5,6,True,21,21,0,0.00
uniforme,80,5,7,True,24,24,0,0.00
uniforme,80,5,8,True,23,23,0,0.00
uniforme,80,5,9,False,26,26,0,0.00
uniforme,80,5,10,False,22,22,0,0.00
uniforme,80,5,11,True,25,25,0,0.00
uniforme,80,5,12,False,22,22,0,0.00
uniforme,80,5,13,True,26,26,0,0.00
uniforme,80,5,14,True,22,22,0,0.00
uniforme,80,5,15,False,22,22,0,0.00
uniforme,80,5,16,True,23,23,0,0.00
uniforme,80,5,17,True,22,22,0,0.00
uniforme,80,5,18,True,23,23,0,0.00
uniforme,80,5,19,True,23,23,0,0.00
uniforme,80,5,20,True,23,23,0,0.00
uniforme,80,5,21,False,21,21,0,0.00
uniforme,80,5,22,False,24,24,0,0.00
uniforme,80,5,23,False,22,22,0,0.00
uniforme,80,5,24,True,24,24,0,0.00
uniforme,80,5,25,True,24,24,0,0.00
uniforme,80,5,26,False,23,23,0,0.00
uniforme,80,5,27,False,23,23,0,0.00
uniforme,80,5,28,True,23,23,0,0.00
uniforme,80,5,29,True,23,23,0,0.00
uniforme,80,5,30,True,22,22,0,0.00
uniforme,80,5,31,False,24,24,0,0.00
uniforme,80,5,32,False,21,21,0,0.00
uniforme,80,5,33,False,22,22,0,0.00
uniforme,80,5,34,True,22,22,0,0.00
uniforme,80,5,35,True,24,24,0,0.00
uniforme,80,5,36,True,22,22,0,0.00
uniforme,80,5,37,True,21,21,0,0.00
uniforme,80,5,38,True,21,21,0,0.00
uniforme,80,5,39,True,24,24,0,0.00
uniforme,80,5,40,True,26,26,0,0.00
uniforme,80,5,41,False,22,22,0,0.00
uniforme,80,5,42,True,21,21,0,0.00
uniforme,80,5,43,True,25,25,0,0.00
uniforme,80,5,44,False,25,25,0,0.00
uniforme,80,5,45,False,21,21,0,0.00
uniforme,80,5,46,False,24,24,0,0.00
uniforme,80,5,47,True,22,22,0,0.00
uniforme,80,5,48,True,23,23,0,0.00
uniforme,80,5,49,False,24,24,0,0.00
uniforme,80,15,0,True,24,24,0,0.00
uniforme,80,15,1,True,23,23,0,0.00
uniforme,80,15,2,True,22,22,0,0.00
uniforme,80,15,3,True,24,24,0,0.00
uniforme,80,15,4,True,22,22,0,0.00
uniforme,80,15,5,True,23,23,0,0.00
uniforme,80,15,6,True,20,20,0,0.00
uniforme,80,15,7,True,24,24,0,0.00
uniforme,80,15,8,True,22,22,0,0.00
uniforme,80,15,9,True,25,25,0,0.00
uniforme,80,15,10,True,21,21,0,0.00
uniforme,80,15,11,True,21,21,0,0.00
uniforme,80,15,12,True,20,20,0,0.00
uniforme,80,15,13,True,24,24,0,0.00
uniforme,80,15,14,True,20,20,0,0.00
uniforme,80,15,15,True,19,19,0,0.00
uniforme,80,15,16,True,23,23,0,0.00
uniforme,80,15,17,True,19,19,0,0.00
uniforme,80,15,18,True,21,21,0,0.00
uniforme,80,15,19,True,22,22,0,0.00
uniforme,80,15,20,True,22,22,0,0.00
uniforme,80,15,21,True,20,20,0,0.00
uniforme,80,15,22,True,21,21,0,0.00
uniforme,80,15,23,True,21,21,0,0.00
uniforme,80,15,24,True,22,22,0,0.00
uniforme,80,15,25,False,22,22,0,0.00
uniforme,80,15,26,True,21,21,0,0.00
uniforme,80,15,27,False,22,22,0,0.00
uniforme,80,15,28,False,22,22,0,0.00
uniforme,80,15,29,True,22,22,0,0.00
uniforme,80,15,30,True,19,19,0,0.00
uniforme,80,15,31,False,23,23,0,0.00
uniforme,80,15,32,True,21,21,0,0.00
uniforme,80,15,33,False,19,19,0,0.00
uniforme,80,15,34,True,22,22,0,0.00
uniforme,80,15,35,True,21,21,0,0.00
uniforme,80,15,36,True,22,22,0,0.00
uniforme,80,15,37,True,20,20,0,0.00
uniforme,80,15,38,True,21,21,0,0.00
uniforme,80,15,39,True,22,22,0,0.00
uniforme,80,15,40,True,23,23,0,0.00
uniforme,80,15,41,False,21,21,0,0.00
uniforme,80,15,42,True,20,20,0,0.00
uniforme,80,15,43,True,24,24,0,0.00
uniforme,80,15,44,False,24,24,0,0.00
uniforme,80,15,45,True,21,21,0,0.00
uniforme,80,15,46,True,22,22,0,0.00
uniforme,80,15,47,False,21,21,0,0.00
uniforme,80,15,48,True,22,22,0,0.00
uniforme,80,15,49,False,22,22,0,0.00
uniforme,80,30,0,True,21,21,0,0.00
uniforme,80,30,1,True,21,21,0,0.00
uniforme,80,30,2,True,22,22,0,0.00
uniforme,80,30,3,True,19,19,0,0.00
uniforme,80,30,4,True,20,20,0,0.00
uniforme,80,30,5,True,20,20,0,0.00
uniforme,80,30,6,True,20,20,0,0.00
uniforme,80,30,7,True,20,20,0,0.00
uniforme,80,30,8,True,19,19,0,0.00
uniforme,80,30,9,True,23,23,0,0.00
uniforme,80,30,10,True,19,19,0,0.00
uniforme,80,30,11,True,19,19,0,0.00
uniforme,80,30,12,True,19,19,0,0.00
uniforme,80,30,13,True,19,19,0,0.00
uniforme,80,30,14,True,19,19,0,0.00
uniforme,80,30,15,True,18,18,0,0.00
uniforme,80,30,16,True,21,21,0,0.00
uniforme,80,30,17,True,18,18,0,0.00
uniforme,80,30,18,True,18,18,0,0.00
uniforme,80,30,19,True,21,21,0,0.00
uniforme,80,30,20,True,22,22,0,0.00
uniforme,80,30,21,True,19,19,0,0.00
uniforme,80,30,22,True,20,20,0,0.00
uniforme,80,30,23,True,21,21,0,0.00
uniforme,80,30,24,True,21,21,0,0.00
uniforme,80,30,25,False,20,20,0,0.00
uniforme,80,30,26,True,18,18,0,0.00
uniforme,80,30,27,True,19,19,0,0.00
uniforme,80,30,28,False,20,20,0,0.00
uniforme,80,30,29,True,18,18,0,0.00
uniforme,80,30,30,True,19,19,0,0.00
uniforme,80,30,31,True,20,20,0,0.00
uniforme,80,30,32,True,20,20,0,0.00
uniforme,80,30,33,True,17,17,0,0.00
uniforme,80,30,34,True,20,20,0,0.00
uniforme,80,30,35,True,20,20,0,0.00
uniforme,80,30,36,True,19,19,0,0.00
uniforme,80,30,37,True,18,18,0,0.00
uniforme,80,30,38,True,20,20,0,0.00
uniforme,80,30,39,True,21,21,0,0.00
uniforme,80,30,40,True,20,20,0,0.00
uniforme,80,30,41,False,18,18,0,0.00
uniforme,80,30,42,True,19,19,0,0.00
uniforme,80,30,43,True,21,21,0,0.00
uniforme,80,30,44,False,21,21,0,0.00
uniforme,80,30,45,True,19,19,0,0.00
uniforme,80,30,46,True,20,20,0,0.00
uniforme,80,30,47,True,19,19,0,0.00
uniforme,80,30,48,True,22,22,0,0.00
uniforme,80,30,49,False,22,22,0,0.00
uniforme,80,60,0,True,17,17,0,0.00
uniforme,80,60,1,True,17,17,0,0.00
uniforme,80,60,2,True,18,18,0,0.00
uniforme,80,60,3,True,16,16,0,0.00
uniforme,80,60,4,True,17,17,0,0.00
uniforme,80,60,5,True,17,17,0,0.00
uniforme,80,60,6,True,17,17,0,0.00
uniforme,80,60,7,True,19,19,0,0.00
uniforme,80,60,8,True,17,17,0,0.00
uniforme,80,60,9,True,19,19,0,0.00
uniforme,80,60,10,True,15,15,0,0.00
uniforme,80,60,11,True,16,16,0,0.00
uniforme,80,60,12,True,17,17,0,0.00
uniforme,80,60,13,True,16,16,0,0.00
uniforme,80,60,14,True,18,18,0,0.00
uniforme,80,60,15,True,15,15,0,0.00
uniforme,80,60,16,True,17,17,0,0.00
uniforme,80,60,17,True,17,17,0,0.00
uniforme,80,60,18,True,17,17,0,0.00
uniforme,80,60,19,True,17,17,0,0.00
uniforme,80,60,20,True,17,17,0,0.00
uniforme,80,60,21,True,16,16,0,0.00
uniforme,80,60,22,True,17,17,0,0.00
uniforme,80,60,23,True,18,18,0,0.00
uniforme,80,60,24,True,17,17,0,0.00
uniforme,80,60,25,False,17,17,0,0.00
uniforme,80,60,26,True,16,16,0,0.00
uniforme,80,60,27,True,16,16,0,0.00
uniforme,80,60,28,False,17,17,0,0.00
uniforme,80,60,29,True,18,18,0,0.00
uniforme,80,60,30,True,16,16,0,0.00
uniforme,80,60,31,True,18,18,0,0.00
uniforme,80,60,32,True,17,17,0,0.00
uniforme,80,60,33,True,15,15,0,0.00
uniforme,80,60,34,True,16,16,0,0.00
uniforme,80,60,35,True,17,17,0,0.00
uniforme,80,60,36,True,17,17,0,0.00
uniforme,80,60,37,True,18,18,0,0.00
uniforme,80,60,38,True,18,18,0,0.00
uniforme,80,60,39,True,18,18,0,0.00
uniforme,80,60,40,True,17,17,0,0.00
uniforme,80,60,41,False,15,15,0,0.00
uniforme,80,60,42,True,17,17,0,0.00
uniforme,80,60,43,True,16,16,0,0.00
uniforme,80,60,44,False,18,18,0,0.00
uniforme,80,60,45,True,16,16,0,0.00
uniforme,80,60,46,True,17,17,0,0.00
uniforme,80,60,47,True,15,15,0,0.00
uniforme,80,60,48,True,19,19,0,0.00
uniforme,80,60,49,False,16,16,0,0.00
